Question,Question Type,Expert time (mins),Rubric
"For NASDAQ:CRWD, in what ways does management believe Artificial Intelligence (AI) will serve as a tailwind to its current business, and what risks does management associate with AI? Base your answer on disclosures across the fiscal year ended January 31, 2025, and the period ended October 31, 2025.",General Qualitative Analysis,60,"[{""operator"": ""finance_agent_v2_operator"", ""criteria"": ""The Falcon platform is described as an AI-native architecture that serves as a structural competitive advantage""}, {""operator"": ""finance_agent_v2_operator"", ""criteria"": ""Charlotte AI is identified as a generative AI security analyst that automates threat triage and investigation""}, {""operator"": ""finance_agent_v2_operator"", ""criteria"": ""Falcon AIDR (AI Detection and Response) is identified as a product that secures customers' own AI usage, representing a net-new monetization opportunity""}, {""operator"": ""finance_agent_v2_operator"", ""criteria"": ""AI adoption by enterprise customers is identified as a direct demand driver for the Falcon platform""}, {""operator"": ""finance_agent_v2_operator"", ""criteria"": ""Adversarial AI is identified as a risk factor, where threat actors use AI to launch faster and more sophisticated attacks""}, {""operator"": ""finance_agent_v2_operator"", ""criteria"": ""Regulatory and compliance developments related to AI are identified as a risk that could impose additional requirements on CrowdStrike's products and operations""}, {""operator"": ""finance_agent_v2_operator"", ""criteria"": ""CrowdStrike's ability to keep pace with rapidly evolving AI capabilities is identified as an execution risk""}, {""operator"": ""finance_agent_v2_operator"", ""criteria"": ""Concludes that management frames AI as tailwind driving platform demand""}, {""operator"": ""finance_agent_v2_operator"", ""criteria"": ""Concludes that management refers to AI as a new product category""}]"
"For NASDAQ: MAR and NYSE: WH, using FY2025 data, identify the percentage of U.S. and global room nights or check-ins attributable to loyalty, and the funding mechanisms for each program. Based on these disclosures, which company appears better positioned to translate loyalty strength into durable economic advantage?",General Qualitative Analysis,40,"[{""operator"": ""finance_agent_v2_operator"", ""criteria"": ""MAR loyalty members account for approximately 75% of U.S. and Canada hotel room nights.""}, {""operator"": ""finance_agent_v2_operator"", ""criteria"": ""MAR loyalty members account for approximately 68% of global hotel room nights.""}, {""operator"": ""finance_agent_v2_operator"", ""criteria"": ""WH loyalty members account for over 53% of U.S. check-ins.""}, {""operator"": ""finance_agent_v2_operator"", ""criteria"": ""WH loyalty members account for over 37% of global check-ins.""}, {""operator"": ""finance_agent_v2_operator"", ""criteria"": ""Response states MAR co-branded credit card agreements are a significant funding source for the Marriott Bonvoy loyalty program.""}, {""operator"": ""finance_agent_v2_operator"", ""criteria"": ""Response states WH Wyndham Rewards is funded by contributions from eligible revenues generated by loyalty members and collected from hotels in the system.""}, {""operator"": ""finance_agent_v2_operator"", ""criteria"": ""Response concludes that MAR is better positioned to translate loyalty strength into durable economic advantage.""}]"
Who do NASDAQ: EA and NASDAQ: TTWO see as competitors in their business? Include any disclosure on direct competitors and non-interactive entertainment competitors. Which business provides more detailed disclosure on their competitive landscape?,General Qualitative Analysis,30,"[{""operator"": ""finance_agent_v2_operator"", ""criteria"": ""The response states that EA faces competition from companies that build products on PC, consoles and mobile devices as well as large diversified companies who can outspend EA""}, {""operator"": ""finance_agent_v2_operator"", ""criteria"": ""The response states that EA competes with other providers of entertainment such as movies, TV, social media and music""}, {""operator"": ""finance_agent_v2_operator"", ""criteria"": ""The response states TTWO competes with other established and emerging interactive entertainment companies""}, {""operator"": ""finance_agent_v2_operator"", ""criteria"": ""The response states TTWO competes with Sony, Microsoft, and Nintendo for the sale of interactive entertainment software""}, {""operator"": ""finance_agent_v2_operator"", ""criteria"": ""The response states TTWO competes with other software, hardware, entertainment, and media for limited retail shelf space and promotional resources.""}, {""operator"": ""finance_agent_v2_operator"", ""criteria"": ""The response states TTWO competes with other forms of entertainment such as motion pictures, television, social networking, online applications, short-form video, and other forms of entertainment""}, {""operator"": ""finance_agent_v2_operator"", ""criteria"": ""Response concludes TTWO provides more detailed disclosure on their competitive landscape""}]"
"For NASDAQ: CRWD and NASDAQ: PANW,  which company achieved the higher 2-year revenue CAGR, and by how many basis points from FY 2023 to FY 2025?",General Quantitative Analysis,15,"[{""operator"": ""finance_agent_v2_operator"", ""criteria"": ""CRWD 2-year revenue Compound Annual Growth Rate (CAGR) is 32.82%.""}, {""operator"": ""finance_agent_v2_operator"", ""criteria"": ""PANW 2-year revenue Compound Annual Growth Rate (CAGR) is 15.67%.""}, {""operator"": ""finance_agent_v2_operator"", ""criteria"": ""The response states that CRWD achieved the higher 2-year revenue Compound Annual Growth Rate (CAGR) compared to PANW.""}, {""operator"": ""finance_agent_v2_operator"", ""criteria"": ""CRWD 2-year revenue Compound Annual Growth Rate (CAGR) exceeds PANW by 1,715 basis points (bps).""}]"
"For NASDAQ:CZR, calculate Adjusted EBITDAR for 2021-2024 by adding Rent Obligations (specifically the GLPI and VICI leases). Then calculate YoY growth rate in EBITDAR as well as the 3-year CAGR from '21A-24A.",General Quantitative Analysis,20,"[{""operator"": ""finance_agent_v2_operator"", ""criteria"": ""2021 Adjusted EBITDAR is $4.06 billion""}, {""operator"": ""finance_agent_v2_operator"", ""criteria"": ""2022 Adjusted EBITDAR is $4.42 billion""}, {""operator"": ""finance_agent_v2_operator"", ""criteria"": ""2023 Adjusted EBITDAR is $5.14 billion""}, {""operator"": ""finance_agent_v2_operator"", ""criteria"": ""2024 Adjusted EBITDAR is $4.96 billion""}, {""operator"": ""finance_agent_v2_operator"", ""criteria"": ""YoY Adjusted EBITDAR Growth is (3.47%) in 2024""}, {""operator"": ""finance_agent_v2_operator"", ""criteria"": ""YoY Adjusted EBITDAR Growth is 16.23% in 2023""}, {""operator"": ""finance_agent_v2_operator"", ""criteria"": ""YoY Adjusted EBITDAR Growth is 8.84% in 2022""}, {""operator"": ""finance_agent_v2_operator"", ""criteria"": ""Adjusted EBITDAR '21A-'24A Compound Annual Growth Rate (CAGR) growth is 6.89%""}]"
"Compare the inventory efficiency of NYSE: HD and NYSE: LOW for FY 2024. Calculate the actual days in fiscal year, average inventory and days inventory outstanding (based on actual days) for each company. Which company turns its inventory faster and what is the difference in DIO (Days Inventory Outstanding) between the two companies?",General Quantitative Analysis,25,"[{""operator"": ""finance_agent_v2_operator"", ""criteria"": ""HD fiscal year 2024 contained 371 actual days""}, {""operator"": ""finance_agent_v2_operator"", ""criteria"": ""LOW fiscal year 2024 contained 364 actual days""}, {""operator"": ""finance_agent_v2_operator"", ""criteria"": ""HD average merchandise inventories for fiscal year 2024 and fiscal year 2023 is $22,213.50 million""}, {""operator"": ""finance_agent_v2_operator"", ""criteria"": ""HD days inventory outstanding is 77.60 days""}, {""operator"": ""finance_agent_v2_operator"", ""criteria"": ""LOW average merchandise inventories for fiscal year 2024 and fiscal year 2023 is $17,151.50 million""}, {""operator"": ""finance_agent_v2_operator"", ""criteria"": ""LOW days inventory outstanding is 111.89 days""}, {""operator"": ""finance_agent_v2_operator"", ""criteria"": ""HD turns its inventory faster by 34.29 days""}, {""operator"": ""finance_agent_v2_operator"", ""criteria"": ""Conclude that HD is more efficient on the basis of inventory days outstanding.""}]"
"NYSE:SUI made an announcement about a CEO transition in July 2025. Use the 8-K from July 2025 to determine who the new CEO will be and when they will start in that position. Calculate the percent change in closing share price for the 1-Calendar day, 14-Calendar Day, and 30-Calendar day period following the announcement of SUI's CEO transition in July 2025. Use the change in share price to gauge market sentiment during each period. If any day falls on non-trading day, use the next day that the market is open.",Market Analysis,20,"[{""operator"": ""finance_agent_v2_operator"", ""criteria"": ""States the new CEO will be Charles D. Young""}, {""operator"": ""finance_agent_v2_operator"", ""criteria"": ""States the new CEO will start October 1, 2025""}, {""operator"": ""finance_agent_v2_operator"", ""criteria"": ""1-Calendar Day change is equal to (2.79%)""}, {""operator"": ""finance_agent_v2_operator"", ""criteria"": ""14-Calendar Day change is equal to 0.80%""}, {""operator"": ""finance_agent_v2_operator"", ""criteria"": ""30-Calendar Day change is equal to 2.20%""}, {""operator"": ""finance_agent_v2_operator"", ""criteria"": ""States that there was negative market sentiment based on the 1-Calendar Day return metrics""}, {""operator"": ""finance_agent_v2_operator"", ""criteria"": ""States that there was positive market sentiment based on the 14-Calendar Day returns metrics""}, {""operator"": ""finance_agent_v2_operator"", ""criteria"": ""States that there was positive market sentiment based on the 30-Calendar Day returns metrics""}]"
"For NASDAQ: DKNG, NYSE: FLUT, NASDAQ: WYNN, and NYSE: LVS, what are the companies’ share price return from 01/02/2025 through 02/27/2026? Use the closing share prices at each date. What about FY2024 to FY2025 revenue growth? How do the rankings compare? Are the rankings the same for both?",Market Analysis,50,"[{""operator"": ""finance_agent_v2_operator"", ""criteria"": ""DKNG total share price return is (34.31%)""}, {""operator"": ""finance_agent_v2_operator"", ""criteria"": ""FLUT total share price return is (58.32%)""}, {""operator"": ""finance_agent_v2_operator"", ""criteria"": ""WYNN total share price return is 29.11%""}, {""operator"": ""finance_agent_v2_operator"", ""criteria"": ""LVS total share price return is 13.67%""}, {""operator"": ""finance_agent_v2_operator"", ""criteria"": ""DKNG FY2024 to FY2025 revenue growth is 26.99%""}, {""operator"": ""finance_agent_v2_operator"", ""criteria"": ""FLUT FY2024 to FY2025 revenue growth is 16.62%""}, {""operator"": ""finance_agent_v2_operator"", ""criteria"": ""WYNN FY2024 to FY2025 revenue growth is 0.14%""}, {""operator"": ""finance_agent_v2_operator"", ""criteria"": ""LVS FY2024 to FY2025 revenue growth is 15.22%""}, {""operator"": ""finance_agent_v2_operator"", ""criteria"": ""The response states the total share price return ranking from highest to lowest is WYNN, LVS, DKNG, and FLUT.""}, {""operator"": ""finance_agent_v2_operator"", ""criteria"": ""The response states the FY2024 to FY2025 revenue growth ranking from highest to lowest is DKNG, FLUT, LVS, and WYNN.""}, {""operator"": ""finance_agent_v2_operator"", ""criteria"": ""Response states that rankings are not the same""}]"
"Analyze the price performance of three software companies — NYSE: NOW, NYSE: HUBS, and NYSE: TOST — over the period from December 31, 2025 to February 27, 2026. Using each company's most recent annual filing, calculate each company's reported fiscal year 2025 revenue growth (year-over-year). Rank the companies based on both metrics and determine whether there is a rank-order correlation between fiscal 2025 revenue growth and price performance over the measurement period.",Market Analysis,45,"[{""operator"": ""finance_agent_v2_operator"", ""criteria"": ""NOW YTD price performance (12/31/2025 to 02/27/2026) was (29.49%)""}, {""operator"": ""finance_agent_v2_operator"", ""criteria"": ""TOST YTD price performance was (23.09%)""}, {""operator"": ""finance_agent_v2_operator"", ""criteria"": ""HUBS YTD price performance was (34.09%)""}, {""operator"": ""finance_agent_v2_operator"", ""criteria"": ""Price performance rank order: TOST > NOW > HUBS""}, {""operator"": ""finance_agent_v2_operator"", ""criteria"": ""NOW FY2025 revenue growth was 20.88%""}, {""operator"": ""finance_agent_v2_operator"", ""criteria"": ""TOST FY2025 revenue growth was 24.05%""}, {""operator"": ""finance_agent_v2_operator"", ""criteria"": ""HUBS FY2025 revenue growth was 19.17%""}, {""operator"": ""finance_agent_v2_operator"", ""criteria"": ""Revenue growth rank order: TOST > NOW > HUBS""}, {""operator"": ""finance_agent_v2_operator"", ""criteria"": ""Response states there is a positive rank-order correlation — the rank order of price performance and revenue growth are identical""}]"
"For NASDAQ: FTAI, NYSE: AER, and NASDAQ: WLFC, using market prices as of December 31, 2025 and balance sheet data as of December 31, 2025 for NYSE: AER and September 30, 2025 for NASDAQ: FTAI and NASDAQ: WLFC, which company is most leveraged relative to the peer set based on price to book value, debt to equity, and debt to total capital?",Comparables,60,"[{""operator"": ""finance_agent_v2_operator"", ""criteria"": ""FTAI Price to Book value is 79.98x""}, {""operator"": ""finance_agent_v2_operator"", ""criteria"": ""AER Price to Book value is 1.28x""}, {""operator"": ""finance_agent_v2_operator"", ""criteria"": ""WLFC Price to Book value is 1.42x""}, {""operator"": ""finance_agent_v2_operator"", ""criteria"": ""FTAI Debt to Equity value is 13.65x""}, {""operator"": ""finance_agent_v2_operator"", ""criteria"": ""AER Debt to Equity value is 2.38x""}, {""operator"": ""finance_agent_v2_operator"", ""criteria"": ""WLFC Debt to Equity value is 3.44x""}, {""operator"": ""finance_agent_v2_operator"", ""criteria"": ""FTAI Debt to Capital value is 93.18%""}, {""operator"": ""finance_agent_v2_operator"", ""criteria"": ""AER Debt to Capital value is 70.39%""}, {""operator"": ""finance_agent_v2_operator"", ""criteria"": ""WLFC Debt to capital value is 77.50%""}, {""operator"": ""finance_agent_v2_operator"", ""criteria"": ""The peer average price to book value is 27.56x""}, {""operator"": ""finance_agent_v2_operator"", ""criteria"": ""The peer average debt to equity ratio is 6.49x""}, {""operator"": ""finance_agent_v2_operator"", ""criteria"": ""The peer average debt to total capital ratio is 80.36%""}, {""operator"": ""finance_agent_v2_operator"", ""criteria"": ""The response states that FTAI is the most leveraged relative to the peer set based on the combined ranking across price to book value, debt to equity, and debt to total capital""}]"
"For the fiscal years 2025 (NYSE: TGT for the fiscal year ended February 1, 2025; NYSE: WMT for the fiscal year ended January 31, 2025), calculate and compare the Fixed Charge Coverage Ratio (FCCR). Use EBITDAR divided by total fixed charges (interest expense plus fixed operating lease cost). For the rent addback, use operating lease cost excluding short-term and variable lease components. Note: $2,347 million for WMT represents the fixed operating lease cost net of variable and short-term components. Which company demonstrates stronger fixed charge coverage, and by how much?",Comparables,30,"[{""operator"": ""finance_agent_v2_operator"", ""criteria"": ""Response states that EBITDAR for NYSE: TGT is approximately $9,056 million""}, {""operator"": ""finance_agent_v2_operator"", ""criteria"": ""Response states that total fixed charges for NYSE: TGT are approximately $920 million""}, {""operator"": ""finance_agent_v2_operator"", ""criteria"": ""Response states that Fixed Charge Coverage Ratio (FCCR) for NYSE: TGT is approximately 9.84x""}, {""operator"": ""finance_agent_v2_operator"", ""criteria"": ""Response states that EBITDAR for NYSE: WMT is approximately $44,668 million""}, {""operator"": ""finance_agent_v2_operator"", ""criteria"": ""Response states that total fixed charges for NYSE: WMT are approximately $4,592 million""}, {""operator"": ""finance_agent_v2_operator"", ""criteria"": ""Response states that Fixed Charge Coverage Ratio (FCCR) for NYSE: WMT is approximately 9.73x""}, {""operator"": ""finance_agent_v2_operator"", ""criteria"": ""Response states that NYSE: TGT demonstrates stronger fixed charge coverage than NYSE: WMT""}, {""operator"": ""finance_agent_v2_operator"", ""criteria"": ""Response states that the difference in Fixed Charge Coverage Ratio (FCCR) between the two companies is approximately 0.12x turns""}]"
"Using share prices as of March 31, 2025 and fiscal year 2024 financial results from each company's most recently filed annual report, compare the GAAP EV/EBITDA multiple and GAAP EBITDA margin for NASDAQ: LULU and NYSE: VSCO. Which company traded at the higher EV/EBITDA multiple and which company had the higher EBITDA margin as of that date? For the EV calculations, include operating leases as debt-like items.",Comparables,40,"[{""operator"": ""finance_agent_v2_operator"", ""criteria"": ""LULU GAAP EBITDA margin is 27.88%""}, {""operator"": ""finance_agent_v2_operator"", ""criteria"": ""LULU EV/EBITDA is 11.47x""}, {""operator"": ""finance_agent_v2_operator"", ""criteria"": ""VSCO GAAP EBITDA margin is 9.12%""}, {""operator"": ""finance_agent_v2_operator"", ""criteria"": ""VSCO EV/EBITDA is 7.03x""}, {""operator"": ""finance_agent_v2_operator"", ""criteria"": ""Response states LULU traded at the higher EV/EBITDA multiple at 11.47x versus VSCO at 7.03x""}, {""operator"": ""finance_agent_v2_operator"", ""criteria"": ""Response states LULU had the higher EBITDA margin at 27.88% versus VSCO at 9.12%""}]"
"For the announced acquisition of NYSE: GTLS by NASDAQ: BKR, analyze (i) the premium paid to Chart Industries' unaffected share price (use 7/28/25 as the date) as implied by the announced transaction terms, (ii) the pro forma impact Chart Industries will have on the combined entity's Industrial & Energy Technology segments non-Oil & Gas revenue mix as disclosed in the acquisition announcement materials, (iii) the announced run-rate cost synergies as a percentage of Chart Industries' fiscal year 2024 revenue and as a percentage of Chart Industries' fiscal year 2024 SG&A expense, and (iv) provide a short summary of why the acquisition meets strategic and financial acquisition criteria for BKR.",Precedents,40,"[{""operator"": ""finance_agent_v2_operator"", ""criteria"": ""Calculate the premium offered by Baker Hughes to be 22.34%""}, {""operator"": ""finance_agent_v2_operator"", ""criteria"": ""Identify that the pro forma impact to BKR Industrial & Energy Technology Segments of Chart Industries non-Oil & Gas (O&G) revenue is estimated to be 30% after the acquisition""}, {""operator"": ""finance_agent_v2_operator"", ""criteria"": ""Identify that the run-rate synergies will be $325 million""}, {""operator"": ""finance_agent_v2_operator"", ""criteria"": ""Calculate Synergies as a percent of FY2024 revenue to be 7.81%""}, {""operator"": ""finance_agent_v2_operator"", ""criteria"": ""Calculate Synergies as a percent of FY2024 Selling, General & Administrative (SG&A) to be 59.37%""}, {""operator"": ""finance_agent_v2_operator"", ""criteria"": ""State rationale why Chart Industries meets strategic and financial acquisition criteria for BKR as it serves critical applications""}, {""operator"": ""finance_agent_v2_operator"", ""criteria"": ""State rationale why Chart Industries meets strategic and financial acquisition criteria for BKR as it has good aftermarket / lifecycle exposure""}, {""operator"": ""finance_agent_v2_operator"", ""criteria"": ""State rationale why Chart Industries meets strategic and financial acquisition criteria for BKR as there are meaningful synergies from the merger""}, {""operator"": ""finance_agent_v2_operator"", ""criteria"": ""State rationale why Chart Industries meets strategic and financial acquisition criteria for BKR as it improves BKR's earnings durability""}]"
"For NYSE: IONQ, analyze the announced acquisition of NASDAQ: SKYT. Based on the merger announcement materials and SkyWater's FY 2025 results reported 02/25/26, what is the Implied Transaction Value / FY Revenue multiple and Transaction Value / FY Adjusted EBITDA multiple, and does the valuation appear to reflect semiconductor foundry economics, strategic domestic manufacturing value, or a quantum vertical-integration premium?",Precedents,30,"[{""operator"": ""finance_agent_v2_operator"", ""criteria"": ""Offer price is $35.00 per share.""}, {""operator"": ""finance_agent_v2_operator"", ""criteria"": ""SkyWater FY 2025 revenue is $442,139 thousand""}, {""operator"": ""finance_agent_v2_operator"", ""criteria"": ""SkyWater FY 2025 adjusted EBITDA is $53,168 thousand""}, {""operator"": ""finance_agent_v2_operator"", ""criteria"": ""Implied Transaction Value is approximately $1.8 billion (or $1,800 million).""}, {""operator"": ""finance_agent_v2_operator"", ""criteria"": ""Transaction Value / FY 2025 Revenue is approximately 4.1x.""}, {""operator"": ""finance_agent_v2_operator"", ""criteria"": ""Transaction Value / FY 2025 Adjusted EBITDA is approximately 34.0x.""}, {""operator"": ""finance_agent_v2_operator"", ""criteria"": ""The valuation does not primarily reflect conventional semiconductor foundry economics.""}, {""operator"": ""finance_agent_v2_operator"", ""criteria"": ""The valuation reflects strategic domestic manufacturing value.""}, {""operator"": ""finance_agent_v2_operator"", ""criteria"": ""The valuation reflects a quantum vertical-integration premium.""}, {""operator"": ""finance_agent_v2_operator"", ""criteria"": ""The quantum vertical-integration premium is identified as the primary valuation driver.""}]"
"NYSE: PFE announced the all-cash acquisition of NASDAQ: SGEN on March 13, 2023. Using the SGEN 8-K filed on March 13, 2023 and the SGEN FY2022 filing, calculate: (1) the implied equity value using the merger consideration per share and shares outstanding from the FY2022 cover page; (2) the enterprise value using cash, cash equivalents, and short-term investments from the December 31, 2022 balance sheet and any long-term debt outstanding at that date; and (3) the EV / FY2022 Revenue transaction multiple using total revenues from the FY2022 income statement.",Precedents,15,"[{""operator"": ""finance_agent_v2_operator"", ""criteria"": ""Merger consideration was $229.00 per share in cash""}, {""operator"": ""finance_agent_v2_operator"", ""criteria"": ""Shares outstanding were 186,789,367""}, {""operator"": ""finance_agent_v2_operator"", ""criteria"": ""Implied equity value was $42,774.77 million""}, {""operator"": ""finance_agent_v2_operator"", ""criteria"": ""Cash and cash equivalents at December 31, 2022 were $319.94 million""}, {""operator"": ""finance_agent_v2_operator"", ""criteria"": ""Short-term investments at December 31, 2022 were $1,415.13 million""}, {""operator"": ""finance_agent_v2_operator"", ""criteria"": ""Seagen had no long-term debt outstanding at December 31, 2022""}, {""operator"": ""finance_agent_v2_operator"", ""criteria"": ""Enterprise Value was $41,039.70 million""}, {""operator"": ""finance_agent_v2_operator"", ""criteria"": ""FY2022 total revenues were $1,962.41 million""}, {""operator"": ""finance_agent_v2_operator"", ""criteria"": ""EV / FY2022 Revenue was 20.91x""}]"
"For NASDAQ: WSC, reconstruct the Adjusted EBITDA reconciliation from net income from continuing operations for each of the five fiscal years FY2020 through FY2024. For each year, identify and quantify the integration costs, transaction costs, and restructuring costs that WillScot adds back in its GAAP-to-Adjusted-EBITDA bridge. Calculate the combined total of these three categories for each year and express it as a percentage of Adjusted EBITDA from continuing operations. Identify the fiscal year with the highest dollar amount of merger-related add-backs and explain why. Explain the trend in these merger-related add-backs from FY2020 through FY2024, and identify any material new non-recurring charges that appeared in FY2024 that are unrelated to the original Mobile Mini integration.",Adjustments,30,"[{""operator"": ""finance_agent_v2_operator"", ""criteria"": ""WSC FY2020 Adjusted EBITDA from continuing operations is $494.64 million.""}, {""operator"": ""finance_agent_v2_operator"", ""criteria"": ""WSC FY2021 Adjusted EBITDA from continuing operations is $649.60 million.""}, {""operator"": ""finance_agent_v2_operator"", ""criteria"": ""WSC FY2022 Adjusted EBITDA from continuing operations is $883.87 million.""}, {""operator"": ""finance_agent_v2_operator"", ""criteria"": ""WSC FY2023 Adjusted EBITDA from continuing operations is $1,061.47 million.""}, {""operator"": ""finance_agent_v2_operator"", ""criteria"": ""WSC FY2024 Adjusted EBITDA from continuing operations is $1,063.16 million.""}, {""operator"": ""finance_agent_v2_operator"", ""criteria"": ""WSC FY2020 merger-related add-backs total $93.38 million or 18.88% of Adjusted EBITDA from continuing operations.""}, {""operator"": ""finance_agent_v2_operator"", ""criteria"": ""WSC FY2021 merger-related add-backs total $44.54 million or 6.86% of Adjusted EBITDA from continuing operations.""}, {""operator"": ""finance_agent_v2_operator"", ""criteria"": ""WSC FY2022 merger-related add-backs total $15.68 million or 1.77% of Adjusted EBITDA from continuing operations.""}, {""operator"": ""finance_agent_v2_operator"", ""criteria"": ""WSC FY2023 merger-related add-backs total $12.65 million or 1.19% of Adjusted EBITDA from continuing operations.""}, {""operator"": ""finance_agent_v2_operator"", ""criteria"": ""WSC FY2024 merger-related add-backs total $17.61 million or 1.66% of Adjusted EBITDA from continuing operations.""}, {""operator"": ""finance_agent_v2_operator"", ""criteria"": ""FY2020 had the highest dollar amount of merger-related add-backs at $93.38 million, driven by $64.05 million transaction costs at Mobile Mini merger close.""}, {""operator"": ""finance_agent_v2_operator"", ""criteria"": ""Merger-related add-backs as a percentage of Adjusted EBITDA from continuing operations declined steadily from FY2020 through FY2023 as legacy Mobile Mini integration costs rolled off.""}, {""operator"": ""finance_agent_v2_operator"", ""criteria"": ""FY2024 includes a $180 million McGrath RentCorp termination fee""}, {""operator"": ""finance_agent_v2_operator"", ""criteria"": ""FY2024 includes $42.4 million in legal and professional fees unrelated to the Mobile Mini integration.""}]"
"Using the Q4 and full year fiscal 2024 earnings press release for NASDAQ: KHC (filed February 12, 2025 as Exhibit 99.1 to Form 8-K, for the period ended December 28, 2024), construct the complete reconciliation from GAAP net income to company-reported Adjusted EBITDA for the fiscal year ended December 28, 2024. State the company-reported Adjusted EBITDA margin.
Identify the dollar amount of equity award compensation expense separately excluded in Kraft Heinz's Adjusted EBITDA definition, and calculate what the Adjusted EBITDA margin would be on a cash-adjusted basis — defined as Adjusted EBITDA less the equity award compensation expense add-back, divided by net sales.
What is the difference in basis points between the company-reported Adjusted EBITDA margin and the cash-adjusted Adjusted EBITDA margin for fiscal year 2024?",Adjustments,40,"[{""operator"": ""finance_agent_v2_operator"", ""criteria"": ""GAAP net income was $2,746 million.""}, {""operator"": ""finance_agent_v2_operator"", ""criteria"": ""Interest expense was $912 million.""}, {""operator"": ""finance_agent_v2_operator"", ""criteria"": ""Other expense/(income) was $(85) million.""}, {""operator"": ""finance_agent_v2_operator"", ""criteria"": ""Provision for/(benefit from) income taxes was $(1,890) million.""}, {""operator"": ""finance_agent_v2_operator"", ""criteria"": ""Depreciation & Amortization (D&A) (excluding restructuring activities) was $948 million.""}, {""operator"": ""finance_agent_v2_operator"", ""criteria"": ""Restructuring activities were $27 million.""}, {""operator"": ""finance_agent_v2_operator"", ""criteria"": ""Unrealized losses/(gains) on commodity hedges were $(19) million.""}, {""operator"": ""finance_agent_v2_operator"", ""criteria"": ""Impairment losses were $3,669 million.""}, {""operator"": ""finance_agent_v2_operator"", ""criteria"": ""Equity award compensation expense separately excluded was $109 million.""}, {""operator"": ""finance_agent_v2_operator"", ""criteria"": ""Divestiture-related license income was $54 million.""}, {""operator"": ""finance_agent_v2_operator"", ""criteria"": ""Company-reported Adjusted EBITDA was $6,363 million.""}, {""operator"": ""finance_agent_v2_operator"", ""criteria"": ""Company-reported Adjusted EBITDA margin was 24.62%.""}, {""operator"": ""finance_agent_v2_operator"", ""criteria"": ""Cash-adjusted EBITDA margin (after removing the $109 million equity award compensation add-back) was 24.20%.""}, {""operator"": ""finance_agent_v2_operator"", ""criteria"": ""The basis point difference between company-reported and cash-adjusted Adjusted EBITDA margin was 42.17 bps.""}]"
"For NASDAQ: ASPI, use the company's 8Ks to decompose the change in gross margin between 2/28/2024 and 2/28/2025. Was the change caused primarily by changes in revenue performance or cost of sales? Based on the answer, further investigate the underlying cause of the change in either revenue or cost of sales. Once you have determined which line item caused the majority of the change in gross margin between periods, normalize the 2024 figures for this metric to determine an adjusted gross margin. Your response should include the reported change in gross margin as well as the normalized change in gross margin. Determine if this metric is more likely to increase or decrease throughout 2026.",Adjustments,45,"[{""operator"": ""finance_agent_v2_operator"", ""criteria"": ""Gross margin declines between 2/28/2024 and 2/28/2025.""}, {""operator"": ""finance_agent_v2_operator"", ""criteria"": ""The response states the decline in gross margin between 2/28/2024 and 2/28/2025 is driven primarily by higher cost of sales rather than weaker revenue performance.""}, {""operator"": ""finance_agent_v2_operator"", ""criteria"": ""The response states plant depreciation is the cost of sales line item that drives the majority of the change in gross margin between periods.""}, {""operator"": ""finance_agent_v2_operator"", ""criteria"": ""The plant depreciation for cost of sales increases 2,149.47% from 2/28/2024 and 2/28/2025.""}, {""operator"": ""finance_agent_v2_operator"", ""criteria"": ""Reported change in gross margin between 2/28/2024 and 2/28/2025 is -88.62 percentage points.""}, {""operator"": ""finance_agent_v2_operator"", ""criteria"": ""Normalized change in gross margin, using 2025 reported gross margin versus 2024 gross margin adjusted for plant depreciation, is 34.58 percentage points.""}, {""operator"": ""finance_agent_v2_operator"", ""criteria"": ""The response states the normalized result shows the gross margin deterioration is overstated on a reported basis because 2024 plant depreciation distorts comparability.""}, {""operator"": ""finance_agent_v2_operator"", ""criteria"": ""The response states plant depreciation is more likely to increase throughout 2026.""}, {""operator"": ""finance_agent_v2_operator"", ""criteria"": ""The response states the 2026 directional view is based on ongoing plant construction or buildout.""}]"
"For NASDAQ: VSEC, using the midpoint of any guidance ranges provided, what is the 2026 implied revenue and Adjusted EBITDA based on the Q4 2025 earnings release, and how does the implied Adjusted EBITDA margin compare to FY2023, FY2024, and FY2025 in basis points?",Earnings Analysis,30,"[{""operator"": ""finance_agent_v2_operator"", ""criteria"": ""VSEC FY2023 Adjusted EBITDA margin is 13.23%""}, {""operator"": ""finance_agent_v2_operator"", ""criteria"": ""VSEC FY2024 Adjusted EBITDA margin is 14.88%""}, {""operator"": ""finance_agent_v2_operator"", ""criteria"": ""VSEC FY2025 Adjusted EBITDA margin is 16.45%""}, {""operator"": ""finance_agent_v2_operator"", ""criteria"": ""VSEC 2026E implied revenue is $1,345.85 million""}, {""operator"": ""finance_agent_v2_operator"", ""criteria"": ""VSEC 2026E implied Adjusted EBITDA is $229.47 million""}, {""operator"": ""finance_agent_v2_operator"", ""criteria"": ""VSEC 2026E implied Adjusted EBITDA margin is 17.05%""}, {""operator"": ""finance_agent_v2_operator"", ""criteria"": ""VSEC 2026E implied Adjusted EBITDA margin is 60.41 basis points higher than FY2025""}, {""operator"": ""finance_agent_v2_operator"", ""criteria"": ""VSEC 2026E implied Adjusted EBITDA margin is 216.59 basis points higher than FY2024""}, {""operator"": ""finance_agent_v2_operator"", ""criteria"": ""VSEC 2026E implied Adjusted EBITDA margin is 382.11 basis points higher than FY2023""}]"
"For NYSE: BROS, compare the company's guided capital expenditure intensity to actual capital expenditure intensity for fiscal year 2025. For each quarter from Q4 2024 through Q3 2025, identify the midpoint of the company's FY 2025 capex guidance and calculate the implied guided capex intensity. Calculate the actual FY 2025 capex intensity and compare it to each quarter's guided midpoint.",Earnings Analysis,25,"[{""operator"": ""finance_agent_v2_operator"", ""criteria"": ""FY 2025 guided capex intensity at the midpoint (issued in Q4 2024) is 15.97%""}, {""operator"": ""finance_agent_v2_operator"", ""criteria"": ""FY 2025 guided capex intensity at the midpoint (issued in Q1 2025) is 15.97%""}, {""operator"": ""finance_agent_v2_operator"", ""criteria"": ""FY 2025 guided capex intensity at the midpoint (issued in Q2 2025) is 15.67%""}, {""operator"": ""finance_agent_v2_operator"", ""criteria"": ""FY 2025 guided capex intensity at the midpoint (issued in Q3 2025) is 15.50%""}, {""operator"": ""finance_agent_v2_operator"", ""criteria"": ""FY 2025 actual capex intensity is 14.72%""}, {""operator"": ""finance_agent_v2_operator"", ""criteria"": ""Conclude that the actual capital intensity came in below where the company had been guiding to""}]"
"For both NYSE: BROS and NYSE: CAVA, compare the beat / (miss) % for FY 2025 net new store openings across guidance at either the midpoint of the provided range in Q4 2024 through Q3 2025, or at the floor guidance point. Include in your response the minimum and maximum beat / (miss) % of actual new store openings versus the guidance at the midpoint or at the guidance point for both BROS and CAVA.  Based on the results conclude which company gave more conservative guidance on new store openings.",Earnings Analysis,30,"[{""operator"": ""finance_agent_v2_operator"", ""criteria"": ""In BROS FY 2025, the minimum beat / (miss) % in new store openings between actual and the guidance is (3.75%)""}, {""operator"": ""finance_agent_v2_operator"", ""criteria"": ""In BROS FY 2025, the maximum beat / (miss) % in new store openings between actual and the guidance is (3.75%)""}, {""operator"": ""finance_agent_v2_operator"", ""criteria"": ""In CAVA FY 2025, the minimum beat / (miss) % in new store openings between actual and the midpoint of the guidance range is 4.35%""}, {""operator"": ""finance_agent_v2_operator"", ""criteria"": ""In CAVA FY 2025, the maximum beat / (miss) % in new store openings between actual and the midpoint of the guidance range is 12.50%""}, {""operator"": ""finance_agent_v2_operator"", ""criteria"": ""Conclude that Cava was more conservative on the new store open guidance""}]"
"For NYSE: PFE, how did the Seagen purchase price allocation change from the provisional amounts disclosed in FY2023 to the finalized amounts disclosed in FY2024 for developed technology rights, in-process research and development, total intangible assets, and goodwill? Show as dollar values in millions. Also, based on FY2024, itemize the Q4 FY2024 intangible asset impairments by asset name, amount, and asset type, identify which impaired assets originated from the Seagen portfolio and calculate Seagen-originated impairments as a percentage of total Q4 FY2024 intangible asset impairments, and compare consolidated identifiable intangible assets, net, at 12/31/23 versus 12/31/24 to calculate the year-over-year dollar decline.",Disclosure Analysis,120,"[{""operator"": ""finance_agent_v2_operator"", ""criteria"": ""The change in Seagen developed technology rights from the FY2023 provisional amount to the FY2024 finalized amount is -$50 million.""}, {""operator"": ""finance_agent_v2_operator"", ""criteria"": ""The change in Seagen in-process research and development from the FY2023 provisional amount to the FY2024 finalized amount is -$900 million.""}, {""operator"": ""finance_agent_v2_operator"", ""criteria"": ""The change in Seagen total intangible assets from the FY2023 provisional amount to the FY2024 finalized amount is -$950 million.""}, {""operator"": ""finance_agent_v2_operator"", ""criteria"": ""The change in Seagen goodwill from the FY2023 provisional amount to the FY2024 finalized amount is +$1,022 million.""}, {""operator"": ""finance_agent_v2_operator"", ""criteria"": ""The Q4 FY2024 impairment for B7H4V (felmetatug vedotin) is $1,000 million (In-Process Research and Development (IPR&D).""}, {""operator"": ""finance_agent_v2_operator"", ""criteria"": ""The Q4 FY2024 impairment for Medrol is $475 million (finite-lived brand).""}, {""operator"": ""finance_agent_v2_operator"", ""criteria"": ""The Q4 FY2024 impairment for Zavzpret nasal spray is $435 million (developed technology rights).""}, {""operator"": ""finance_agent_v2_operator"", ""criteria"": ""The Q4 FY2024 impairment for Tukysa (tucatinib) is $400 million (In-Process Research and Development (IPR&D).""}, {""operator"": ""finance_agent_v2_operator"", ""criteria"": ""The Q4 FY2024 impairment for disitamab vedotin is $200 million (In-Process Research and Development (IPR&D).""}, {""operator"": ""finance_agent_v2_operator"", ""criteria"": ""The Q4 FY2024 Other intangible asset impairments total $436 million (various).""}, {""operator"": ""finance_agent_v2_operator"", ""criteria"": ""The Q4 FY2024 intangible asset impairments solely attributable to specifically identified Seagen assets total $1,600 million.""}, {""operator"": ""finance_agent_v2_operator"", ""criteria"": ""The Q4 FY2024 intangible asset impairments solely attributable to specifically identified Seagen assets are 54.31% of total Q4 FY2024 intangible asset impairments.""}, {""operator"": ""finance_agent_v2_operator"", ""criteria"": ""The year-over-year dollar decline in Pfizer identifiable intangible assets, net, from 12/31/23 to 12/31/24 is $9,489 million.""}]"
"For NASDAQ: INTC, how did the 2024 Restructuring Plan flow through Intel's FY2024 financial statements, and what does that imply about the difference between Intel's reported FY2024 restructuring and other charges, the FY2024 employee severance and benefit charges attributable solely to the 2024 Restructuring Plan, and the cumulative 2024 Plan cost disclosed in Q3 2024? Include the FY2024 2024 Plan liability roll-forward and the year-over-year headcount reduction from FY2023 to FY2024.",Disclosure Analysis,60,"[{""operator"": ""finance_agent_v2_operator"", ""criteria"": ""The difference between FY2024 reported restructuring and other charges and FY2024 employee severance and benefit charges attributable solely to the 2024 Restructuring Plan is $4,783 million.""}, {""operator"": ""finance_agent_v2_operator"", ""criteria"": ""The difference between FY2024 reported restructuring and other charges and the cumulative 2024 Restructuring Plan cost disclosed in Q3 2024 is $4,170 million.""}, {""operator"": ""finance_agent_v2_operator"", ""criteria"": ""Other FY2024 severance and benefit charges not attributable solely to the 2024 Restructuring Plan are $294 million.""}, {""operator"": ""finance_agent_v2_operator"", ""criteria"": ""FY2024 litigation charges and other are $858 million.""}, {""operator"": ""finance_agent_v2_operator"", ""criteria"": ""FY2024 asset impairment charges are $3,631 million (total).""}, {""operator"": ""finance_agent_v2_operator"", ""criteria"": ""The FY2024 ending accrued balance within 2024 Restructuring Plan liability roll-forward is $302 million.""}, {""operator"": ""finance_agent_v2_operator"", ""criteria"": ""The year-over-year headcount reduction from FY2023 to FY2024 is negative 12.74%.""}, {""operator"": ""finance_agent_v2_operator"", ""criteria"": ""The response states the 2024 Restructuring Plan flows through FY2024 primarily through the restructuring and other charges line on the income statement""}, {""operator"": ""finance_agent_v2_operator"", ""criteria"": ""The response states the 2024 Restructuring Plan flows through FY2024 primarily through the accrued compensation and benefits/current liabilities on the balance sheet and cash payments that reduce the accrued liability.""}, {""operator"": ""finance_agent_v2_operator"", ""criteria"": ""The response states the reported FY2024 charge base exceeds both the FY2024 plan-attributable severance charge and the Q3 2024 cumulative plan cost because the reported line also includes broader severance, litigation, and asset impairment charges.""}]"
"For NASDAQ: AMZN, what does the reversal in server useful life from five years to six years effective January 1, 2024, and back to five years effective January 1, 2025, suggest about the pace of the company's artificial intelligence and machine learning investment during fiscal 2025? Support your conclusion with the disclosed management rationale for both changes, the Q1 2025 share of the full-year 2025 depreciation impact, and the Q1 2025 share of the full-year 2025 net income impact from the 2025 change.",Disclosure Analysis,30,"[{""operator"": ""finance_agent_v2_operator"", ""criteria"": ""Response states the AMZN Q1 FY2024 increase in server useful life from five years to six years is attributed to continuous improvements in hardware, software, and data center designs.""}, {""operator"": ""finance_agent_v2_operator"", ""criteria"": ""Response states the AMZN Q1 FY2025 reduction in server useful life from six years to five years is attributed to the increased pace of technology development, particularly in artificial intelligence and machine learning.""}, {""operator"": ""finance_agent_v2_operator"", ""criteria"": ""Response states AMZN Q1 FY2025 change increases depreciation expense by $217 million.""}, {""operator"": ""finance_agent_v2_operator"", ""criteria"": ""Response states AMZN FY2025 change increases depreciation expense by $1.40 billion.""}, {""operator"": ""finance_agent_v2_operator"", ""criteria"": ""Response states AMZN Q1 FY2025 represents 15.50% of the FY2025 depreciation impact from the Q1 FY2025 change.""}, {""operator"": ""finance_agent_v2_operator"", ""criteria"": ""Response states AMZN Q1 FY2025 change reduces net income by $162 million.""}, {""operator"": ""finance_agent_v2_operator"", ""criteria"": ""Response states AMZN FY2025 change reduces net income by $1.0 billion.""}, {""operator"": ""finance_agent_v2_operator"", ""criteria"": ""Response states AMZN Q1 FY2025 represents 16.20% of the FY2025 net income impact from the Q1 FY2025 change.""}, {""operator"": ""finance_agent_v2_operator"", ""criteria"": ""Response states the support shows a shift from improving server longevity in Q1 FY2024 to faster artificial intelligence and machine learning-driven technology turnover in Q1 FY2025.""}, {""operator"": ""finance_agent_v2_operator"", ""criteria"": ""Response states that the shift from a useful life extension in Q1 FY2024 to a useful life reduction in Q1 FY2025, combined with Q1 2025 representing only 15.50% of the full year depreciation impact, suggests that AI and ML investment accelerated as FY2025 progressed with the majority of infrastructure reinvestment occurring in later quarters""}, {""operator"": ""finance_agent_v2_operator"", ""criteria"": ""States that most of the FY2025 depreciation and net income impact occurs after Q1 2025""}, {""operator"": ""finance_agent_v2_operator"", ""criteria"": ""Concludes that artificial intelligence and machine learning-related infrastructure investment increased as FY2025 progressed.""}]"
"Using a Discounted Cash Flow Analysis (DCF), what would the enterprise value of NYSE: CRM be assuming the below:
- Exclude value of ""strategic investments""
- Future revenue growth:
   - FY2027 revenue use the midpoint of the guidance provided 
   - FY2028 through FY2031 use the CAGR from FY2024 to FY2027 (guidance from previous step) 
- Adjusted EBITDA is defined as Operating Income + D&A + Restructuring
- For D&A assume this includes standard D&A as well as amortization of capitalized contracts 
- Tax rate of 25%
- Discount rate of 8%
- Use Exit Multiple Method with a terminal EBITDA multiple of 10x
- Hold the following metrics constant as % of revenue from fiscal year 2027 until fiscal year 2031: operating income margin, adjusted EBITDA margin, stock-based compensation, change in NWC, and CapEx
- Project cash flow through FY2031",Financial Modeling,75,"[{""operator"": ""finance_agent_v2_operator"", ""criteria"": ""FY 2024 Revenue is $34,857 million.""}, {""operator"": ""finance_agent_v2_operator"", ""criteria"": ""FY 2026 Revenue is $41,525 million.""}, {""operator"": ""finance_agent_v2_operator"", ""criteria"": ""FY 2026 Restructuring is $586 million.""}, {""operator"": ""finance_agent_v2_operator"", ""criteria"": ""FY 2026 Operating Income is $8,331 million.""}, {""operator"": ""finance_agent_v2_operator"", ""criteria"": ""FY 2026 Depreciation & Amortization (D&A) is $5,828 million.""}, {""operator"": ""finance_agent_v2_operator"", ""criteria"": ""FY 2026 Stock-Based Compensation is $3,509 million.""}, {""operator"": ""finance_agent_v2_operator"", ""criteria"": ""FY 2026 Change in Net Working Capital (NWC) is negative $781 million.""}, {""operator"": ""finance_agent_v2_operator"", ""criteria"": ""FY 2026 Capital Expenditures (CapEx) is $594 million.""}, {""operator"": ""finance_agent_v2_operator"", ""criteria"": ""FY 2027E Revenue guidance (midpoint) is approximately $46,000 million.""}, {""operator"": ""finance_agent_v2_operator"", ""criteria"": ""Revenue Compound Annual Growth Rate (CAGR) from FY 2024 to FY 2027E is 9.69%.""}, {""operator"": ""finance_agent_v2_operator"", ""criteria"": ""FY 2031 projected revenue is $66,585.80 million.""}, {""operator"": ""finance_agent_v2_operator"", ""criteria"": ""FY 2026 Adjusted EBITDA is $14,745.00 million.""}, {""operator"": ""finance_agent_v2_operator"", ""criteria"": ""Response states the total enterprise value is approximately $239,207.07 million.""}]"
"Create a simplified LBO model for the illustrative take-private of NYSE: EPAM using the following assumptions. Assume 2/27/26 close as the date for share price and use a 30.0% offer premium to arrive at Offer Price. Use FY2025 basic weighted-average shares outstanding for share count. Transaction expenses are equal to $50 million, the sponsor will use 5.0x leverage in the form of new debt at 8% interest. Assume exit multiple of 10.0x EBITDA with 5-year hold period. Revenue growth is 8% per year for the projection period and EBITDA margin expands by 1.0 percentage point per annum during the projection period from FY2025 level. Change in NWC is neutral, D&A and CapEx as % of Revenue are 2.5% and 1.0%, respectively. Assume 25% tax rate, minimum cash balance of $500 million and 2.0% interest rate on cash. All free cash flow is used to pay down new debt. For interest expense and interest income, use average balances. Calculate initial sponsor equity, exit enterprise value, exit equity value, IRR and MOIC using these assumptions.",Financial Modeling,80,"[{""operator"": ""finance_agent_v2_operator"", ""criteria"": ""Sponsor equity in the sources of funds is $6,300.07 million""}, {""operator"": ""finance_agent_v2_operator"", ""criteria"": ""Exit Enterprise Value is $13,483.54 million""}, {""operator"": ""finance_agent_v2_operator"", ""criteria"": ""Exit Equity Value is $13,976.13 million""}, {""operator"": ""finance_agent_v2_operator"", ""criteria"": ""Sponsor IRR is 17.27%.""}, {""operator"": ""finance_agent_v2_operator"", ""criteria"": ""Sponsor MOIC is 2.22x.""}]"
"Does the Exit Multiple or Perpetual Growth method yield a higher per-share equity value for NYSE: LMT? Using a 5-year discounted cash flow analysis, assume the following: 
 
 - Revenue growth % will remain the same as 2025 and will stay constant throughout the 5 year analysis
 - EBITDA margin % will remain the same as 2025 and will stay constant throughout the 5 year analysis
 - The 2025 effective tax rate will hold constant throughout the next 5 years
 - The 2025 D&A % of revenue will hold constant throughout the next 5 years
 - Deferred taxes will not change from the 2025 reported value throughout the next 5 years
 - ""Other"" operating activities are core to the business, and the average of 2023-2025 should be used as constant throughout the next 5 years
 - Changes in NWC will be 0.25% of revenue throughout the next 5 years
 - CapEx will be 2% of revenue throughout the next 5 years
 - WACC is 8%, the EBITDA exit multiple is 10x, and the terminal growth rate is 2.5%
 - Use the shares outstanding from the latest 10-Q cover page
 - Ignore SBC and pension plans in the analysis",Financial Modeling,90,"[{""operator"": ""finance_agent_v2_operator"", ""criteria"": ""Implied Per Share Equity Value using Exit Multiple Method is $419.21.""}, {""operator"": ""finance_agent_v2_operator"", ""criteria"": ""Implied Per Share Equity Value using Perpetual Growth Method is $521.62.""}, {""operator"": ""finance_agent_v2_operator"", ""criteria"": ""Response states that the Perpetual Growth Method yields a higher per share equity value.""}]"
